UserID,TweetID,TweetDate,TweetTime,TWText,Likes,Retweets,ResultType,NegScore,NeuScore,PosScore,OverallSent
9.78733E+17,1.45424E+18,10/30/2021,05:02.0,the fomo at 70k will be massive. make sure to stack your sats now! bitcoin,1107,96,popular,0,0.8553,0.1447,neutral
1.3875E+18,1.45424E+18,10/30/2021,31:35.0,just in: shib is the 3rd most searched cryptocurrency on google in 2021 behind bitcoin and ethereum study shows!,2829,868,popular,0,1,0,neutral
2361631088,1.45425E+18,10/30/2021,36:00.0,"as we trade around the volatility in bitcoin btc, the signals from analysis of onchain data have become quite important. in this blog, yassine shares how he, and others have taken advantage of bitcoins transparency and created trading signals.",1078,124,popular,0,0.6995,0.3005,neutral
1.10037E+18,1.45426E+18,10/30/2021,14:23.0,"btc daily technical outlook: btc closed bullish as expected and kissed the 63,000 area. ill be waiting for a successful breakout above it to get the impulsive move. ill be looking for another position in bitcoin above 64,500 from the intraday chart",116,27,popular,0.1757,0.642,0.1823,neutral
543483223,1.45426E+18,10/30/2021,14:25.0,"shib and squid are meme distractions, but if you got rich, good for you! id put those lottery winnings in bitcoin. thanks for having me again",538,51,popular,0.066,0.282,0.6517,positive
170049408,1.45426E+18,10/30/2021,31:52.0,bitcoin its time man. send,450,52,popular,0,1,0,neutral
1.3875E+18,1.45426E+18,10/30/2021,37:42.0,top 10 cryptocurrencies in the world by market cap 10/29/21 1. bitcoin1.17t 2. ethereum 517.26b 3. bnb 89.85b 4. usdtether 70.31b 5. cardano 66.75b 6. solana 60.21b 7. xrp 50.59b 8. dot 43.27b 9. shib 39.86b 10. doge 37.71b,832,236,popular,0,0.935,0.065,neutral
9.1403E+17,1.45427E+18,10/30/2021,00:00.0,what token will go to the moon? bitcoin,1124,299,popular,0,1,0,neutral
361289499,1.45427E+18,10/30/2021,25:51.0,7.8 billion people 21 million bitcoin you do the math,2120,330,popular,0,1,0,neutral
1.3875E+18,1.45428E+18,10/30/2021,09:39.0,bitcoin is a 1.2 trillion dollar asset,333,43,popular,0,0.615,0.385,neutral
29856819,1.45429E+18,10/30/2021,36:02.0,"biden amp; fed ripping off poor people. us sliding into depression. bideen amp; fed need inflation to prevent new depression. inflation rips off the poor. inflation makes rich richer. biden and fed corrupt. prepare: giant crash then new depression. be smart buy, gold, silver bitcoin.",2790,491,popular,0.3503,0.4889,0.161,neutral
30325257,1.45431E+18,10/30/2021,00:00.0,1 bitcoin 1 bitcoin 1 ethereum 1 ethereum 1 doge 1 doge your understanding of this will determine your fate in this market,474,48,popular,0,1,0,neutral
55411885,1.45432E+18,10/30/2021,33:36.0,welcome to asscoin! a meme of bitcoin. tokenomics: 1 holders 2 liquidity max buy/sell of 5t per transaction to prevent pumps and dumps contract renounced and liquidity locked for 100 years!,252,181,popular,0.0463,0.684,0.2697,neutral
12,1.45433E+18,10/30/2021,53:19.0,is there a more honest market than bitcoin? obviously i don't think so,4262,585,popular,0,0.6885,0.3115,neutral
1434106867,1.45433E+18,10/30/2021,11:14.0,"bitcoinprices are building momentum for an upward breakout above the horizontal resistance around 62k this could take a few days, but a close above this resistance is definitely bullish. following ive been doing extremely superb",0,0,recent,0,0.6265,0.3735,neutral
1.35677E+18,1.45433E+18,10/30/2021,11:16.0,gree ohh..there is 120 bitcoin stock in disguise,0,0,recent,0.286,0.714,0,neutral
13076512,1.45433E+18,10/30/2021,11:16.0,identity thieves exploit el salvadors chivo bitcoin wallets setup process,0,0,recent,0.375,0.625,0,neutral
72515407,1.45433E+18,10/30/2021,11:17.0,"we know exactly how many bitcoin has been mined to a second. its actually 18,858,550 vs best estimate for gold. we also know how many will ever be mined 21,000,000 and by which exact emission formula. we have no clue on gold. so tell me why the yellow metal again?",3,0,recent,0,0.9086,0.0914,neutral
1.2607E+18,1.45433E+18,10/30/2021,11:18.0,bitcoin bounced from first one there is something simple scenario if 57k hold will continue go up if breakdown bellow 57k most likely will go to retest 5350k setup on your desk this,0,1,recent,0,1,0,neutral
3482504308,1.45433E+18,10/30/2021,11:24.0,"value over 1 year: 621.95, 52989.8 [currently 61509.8] bitcoin",0,0,recent,0,0.714,0.286,neutral
1.37262E+18,1.45433E+18,10/30/2021,11:24.0,arm the children with bitcoin.,0,0,recent,0,1,0,neutral
1.35948E+18,1.45433E+18,10/30/2021,11:37.0,just but bitcoin was covered minimally.,0,0,recent,0,1,0,neutral
1.23338E+18,1.45433E+18,10/30/2021,11:40.0,that should be sys syscoin is the best altcoin of 2021 underrated but still has a better utility by far is a merge of bitcoin security and ethereum scalability combined providing low fee transaction and incredible speed,0,0,recent,0.071,0.608,0.321,neutral
1.44876E+18,1.45433E+18,10/30/2021,11:51.0,"a new block was found on the bitcoin network. we're at block height 707382, current bitcoin price is 61509.55 and there are 214133122690011 sats left to mine.",0,0,recent,0.3665,0.6335,0,neutral
9.72592E+17,1.45433E+18,10/30/2021,11:54.0,ecash is the failed offspring of bitcoin cash that in itself is failed offspring of bitcoin.,0,0,recent,0.524,0.476,0,negative
1.19764E+18,1.45433E+18,10/30/2021,11:55.0,"btc latest block info: block 707382 holds 1,523 transactions for a total of 49,183.53481 bitcoin including block reward. block size 1,040,706 bytes",0,0,recent,0.432,0.489,0.079,neutral
1.39333E+18,1.45433E+18,10/30/2021,12:02.0,i cant wait to see what monday brings for the dxy and bitcoin something big is about to happen!,1,0,recent,0,1,0,neutral
1.4287E+18,1.45433E+18,10/30/2021,12:03.0,you should review the bitcoin billionaires contract code. that was the most epic contract for a high gas situation. for 10 i paid .04 in gas yesterday morning. something devs can look at and pivot for launching in these markets.,2,0,recent,0.0548,0.9453,0,neutral
1166474652,1.45433E+18,10/30/2021,12:04.0,datx/ btc guaranteed x8000 both pairs are pumping hard on kucoin buy and hold your bag to fly with it avax dot sol nft storj etc usdc rsr vtho dot dai ubt etc bitcoin vet fet btc eth bitcoinnews sol link btc sol,0,0,recent,0.038,0.907,0.055,neutral
9.12414E+17,1.45433E+18,10/30/2021,12:06.0,"australia's top securities regulator says it will approve bitcoin etfs bitcoin magazine: bitcoin news, articles, charts, and guides",0,0,recent,0,0.756,0.244,neutral
9.65467E+17,1.45433E+18,10/30/2021,12:08.0,"bitcoin overview 24 hour: average btc price across exchanges: 61,498.10 change: 362.17 0.59 high: 62,864.36 low: 60,549.60 volume: 4.04b market cap: 1.16t view more details at:",0,0,recent,0.084,0.916,0,neutral
2843693796,1.45433E+18,10/30/2021,12:13.0,bitcoin fixes everything.. race or no race.. you will surly have secure future for you and your next gen,0,0,recent,0,0.789,0.211,neutral
1.20983E+18,1.45433E+18,10/30/2021,12:21.0,brah your ponzi scheme shit coin is going down. 50 price drop ! bitcoin over 60k. get out and admit your ponzi scam project. behind those twitter accounts its all you.,0,0,recent,0.2732,0.6844,0.0424,neutral
3367690473,1.45433E+18,10/30/2021,12:24.0,who want to get free bitcoin guys bitcoin,0,0,recent,0,0.465,0.535,positive
42669498,1.45433E+18,10/30/2021,12:29.0,bitcoin scam:,2,0,recent,0.787,0.213,0,negative
1.01965E+18,1.45433E+18,10/30/2021,12:33.0,btc the scoop mining report with wolfie zhao: the end of chinas bitcoin mining powerhouse,0,0,recent,0,0.862,0.138,neutral
1.41676E+18,1.45433E+18,10/30/2021,12:37.0,gree ohh..there is 120 bitcoin stock in disguise,0,0,recent,0.286,0.714,0,neutral
9.73496E+17,1.45433E+18,10/30/2021,12:39.0,"bitcoin etfs and politicians being bullish the week was filled with amazing headlines, including bitcoin etfs and bullish politicians, that seemed worlds away just a short time... idelto",0,0,recent,0,0.826,0.174,neutral
1434106867,1.45433E+18,10/30/2021,12:39.0,"bitcoin is trying to find support from the ema ribbon on 60k timeframe. trading above the 61k ema ribbon implies that bullish momentum is outweighing bearish momentum following tweets and tips,ive been doing superb in this field as ive added to my btc",0,0,recent,0,0.768,0.232,neutral
9.54857E+17,1.45433E+18,10/30/2021,12:58.0,"okcoin is the oldest and safest platform on the market, i love okcoin buy crypto on okcoin, and well split 100 in bitcoin. see details: buy miamicoinstacks bitcoin",1,0,recent,0,0.7725,0.2275,neutral
1.33973E+18,1.45433E+18,10/30/2021,12:58.0,0 bitcoin.,1,0,recent,0,1,0,neutral
116697085,1.45433E+18,10/30/2021,12:58.0,"gm. so bullish on bitcoin. its already a form of aidistributed technology that beats every 10 minutes, selfregulates its hashing difficulty and it is fundamentally scarce.",0,0,recent,0.0557,0.9443,0,neutral
1.42731E+18,1.45433E+18,10/30/2021,12:59.0,"the dam broke. i think corporations and individual artists realized the government is too broken to possibly regulate this and crypto. my favorite artist just got super into this, major corporations amp; sports leagues are officially promoting the stuff, and there are bitcoin atms.",0,0,recent,0.0853,0.7603,0.1543,neutral
1.3719E+18,1.45433E+18,10/30/2021,13:05.0,had a dream last night of bitcoin posting tall green lines on the chart.. i looked at the price it ranged between 90k 120k i remember just smiling and laughing real hard at the chart. then i woke up.,0,0,recent,0.0275,0.8135,0.159,neutral
1.24746E+18,1.45433E+18,10/30/2021,13:08.0,yeah 10 of whales own 90 of bitcoin. nothing to watch here.,0,0,recent,0,0.8225,0.1775,neutral
1.09044E+18,1.45433E+18,10/30/2021,13:12.0,yup. looks like australia will have a bitcoin etf before the us. go figure right,0,0,recent,0,0.8717,0.1283,neutral
486475893,1.45433E+18,10/30/2021,13:23.0,could a parabolic rally for bitcoin be coming? collaboration with jordan lindsey. ta video by benjamin cowen.,0,0,recent,0,1,0,neutral
1.34319E+18,1.45433E+18,10/30/2021,13:32.0,bitcoin will become worldfamous in 2021. prepare.. bitcoin,0,0,recent,0,1,0,neutral
1.30424E+18,1.45433E+18,10/30/2021,13:33.0,follow me on let's hunt for bitcoins together! get an exciting experience on 1 igaming platform with btc staking payouts!.my username: user802898,0,0,recent,0,0.869,0.131,neutral
1.41781E+18,1.45433E+18,10/30/2021,13:35.0,mtgox creditors set to receive over 9 billion in bitcoin a recent filing with the tokyodistrictcourt reveals that victims of the infamous mt. may soon have some closure read more...,0,0,recent,0.1125,0.8875,0,neutral
15195025,1.45433E+18,10/30/2021,13:39.0,"the fbi is one of the largest wellknown holders of bitcoin. in september 2013, they took the notorious dark web drug bazaar silk road and confiscated 144,000 bitcoins owned by the website operator. the number of bitcoins on the silk road has reached 9.5 million bitcoins.",0,0,recent,0.054,0.8507,0.0953,neutral
1.25013E+18,1.45433E+18,10/30/2021,13:39.0,for now. that doesn't mean a complete move to stable coin isn't the plan. besides bitcoin is even written on an nsa hash amp; the elite have written in their own books for decades that the switch to a central bank digital currency is where this is going.,0,0,recent,0,0.587,0.0797,neutral
1.34068E+18,1.45433E+18,10/30/2021,13:40.0,bitcoin.. if i don't fuk it up,0,0,recent,0,1,0,neutral
1.01002E+18,1.45433E+18,10/30/2021,13:42.0,"reputation and skill based voting or pos proof of stake is pretty honest. to say that bitcoin is the most honest market ignores the fact that, although it may not be centralized in protocol, it certainly has centralization issues off chain, and that includes lightningnetwork",0,0,recent,0.171,0.493,0.3365,neutral
1.35414E+18,1.45433E+18,10/30/2021,13:47.0,"he always had the intention to create bitcoin related business, before dave died, he simply used ramp;d rebates not to avoid tax, but to minimize the tax he as owed. in doing so he clearly made a balls of accounting, whilst the ato was continuously breathing down his neck",0,0,recent,0.1375,0.6895,0.1735,neutral
8.98949E+17,1.45433E+18,10/30/2021,13:50.0,"you think bitcoin will be around in 30,000 years",0,0,recent,0,1,0,neutral
1.21339E+18,1.45433E+18,10/30/2021,13:54.0,"the builtin transparency enforces honesty. the further you go away from the bitcoin blockchain timechain e.g. custodians, banking solutions etc. the more the risk for dishonesty increases",1,0,recent,0.0973,0.5587,0.344,neutral
1.2607E+18,1.45433E+18,10/30/2021,13:55.0,if your stop loss bellow 47k you gonna make good amount of money incoming weeks means low leverage long bitcoin,0,0,recent,0.293,0.578,0.129,neutral
1.33932E+18,1.45433E+18,10/30/2021,13:57.0,gree ohh..there is 120 bitcoin stock in disguise,0,0,recent,0.286,0.714,0,neutral
1.41834E+18,1.45433E+18,10/30/2021,13:57.0,"government offers ""untainted"" bitcoin at a premium. government literally has the power to determine if it's ""clean"" or not. yes, they control it.",0,0,recent,0,0.6223,0.3777,neutral
1.26142E+18,1.45433E+18,10/30/2021,14:00.0,twitter balance sheet time bitcoin,0,0,recent,0,1,0,neutral
1.44399E+18,1.45433E+18,10/30/2021,14:00.0,current bitcoin price is 61516,0,0,recent,0,1,0,neutral
1.22982E+18,1.45433E+18,10/30/2021,14:05.0,"meanwhile, everyone else waiting for this ""pump amp; dca dump"" monotonous bullshit to finish playing out. bitcoin",3,0,recent,0.18,0.753,0.0675,neutral
1.2465E+18,1.45433E+18,10/30/2021,14:09.0,doge is decentralized and people's daily money. bitcoin is decentralized and people's reserve money,2,0,recent,0,1,0,neutral
21661365,1.45433E+18,10/30/2021,14:11.0,"if xrp price starts shooting up, watch bitcoin experience a flash crash or dip heavily in price slowing down or pacifying xrp price rise.",0,0,recent,0.254,0.746,0,neutral
1.03272E+18,1.45433E+18,10/30/2021,14:14.0,what do you think about bitcoin?,0,0,recent,0,1,0,neutral
1.37262E+18,1.45433E+18,10/30/2021,14:17.0,bitcoin is protecting your childrens childrens wealth.,0,0,recent,0,0.341,0.659,positive
1.4398E+18,1.45433E+18,10/30/2021,14:19.0,follow me on let's hunt for bitcoins together! get an exciting experience on 1 igaming platform with btc staking payouts!.my username: user486698,0,0,recent,0,0.869,0.131,neutral
1.32151E+18,1.45433E+18,10/30/2021,14:23.0,bitcoin transfers.,0,0,recent,0,1,0,neutral
1.37227E+18,1.45433E+18,10/30/2021,14:24.0,i heard safemoon amp; bitcoin is planning to become the official currency in metaverse ? that will be so cool. meta,0,1,recent,0,0.6667,0.3333,neutral
1434106867,1.45433E+18,10/30/2021,14:25.0,"bitcoin is trying to find support from the ema ribbon on 60k timeframe. trading above the 61k ema ribbon implies that bullish momentum is outweighing bearish momentum following tweets and tips,ive been doing superb in this field as ive added to my btc",0,0,recent,0,0.768,0.232,neutral
2203703317,1.45433E+18,10/30/2021,14:28.0,cash exchange with someone? i solved the problem for kids another way though: they don't need to buy bitcoin with fiat; they get it as their allowance.,0,0,recent,0.087,0.855,0.058,neutral
2901122250,1.45433E+18,10/30/2021,14:31.0,"today bitcoin is worth 61,539.72 automation baybee!!!",0,0,recent,0,0.725,0.275,neutral
9.29619E+17,1.45433E+18,10/30/2021,14:38.0,"everything gets the axe including gold silver and bitcoin, just maybe not as bad. you can hide in cash and treasuries",0,0,recent,0.395,0.405,0.2,neutral
262938662,1.45433E+18,10/30/2021,14:41.0,try bitcoin,2,0,recent,0,1,0,neutral
19015435,1.45433E+18,10/30/2021,14:46.0,absolute bitcoin amp; ethereum emergency!!!!!!!!!!,0,0,recent,0.394,0.606,0,neutral
1.2826E+18,1.45433E+18,10/30/2021,14:47.0,absolute bitcoin amp; ethereum emergency!!!!!!!!!!,0,0,recent,0.394,0.606,0,neutral
1.21853E+18,1.45433E+18,10/30/2021,14:57.0,how to transfer bitcoin to paypal account. via,0,0,recent,0,1,0,neutral
19015435,1.45433E+18,10/30/2021,14:59.0,"options expiry, bot trading wars amp; bitcoin beasts! ohmy!",0,0,recent,0.179,0.821,0,neutral
1.2826E+18,1.45433E+18,10/30/2021,15:00.0,"options expiry, bot trading wars amp; bitcoin beasts! ohmy!",0,0,recent,0.179,0.821,0,neutral
247850273,1.45433E+18,10/30/2021,15:01.0,"i want 73k bitcoin this coming week, thanks.",2,0,recent,0,0.488,0.512,positive
8.88883E+17,1.45433E+18,10/30/2021,15:01.0,"the current price of bitcoin is 61577.00. the current price of bcash is 591.38, or 0.00960391 btc. the current price of bcashsv is 163.23, or 0.27601542 bcash.",0,0,recent,0,1,0,neutral
2281314234,1.45433E+18,10/30/2021,15:08.0,immersive cooling tech could help bitcoin mining go green by 2030 by cointelegraph,0,1,recent,0,0.787,0.213,neutral
1434106867,1.45433E+18,10/30/2021,15:09.0,"bitcoin is trying to find support from the ema ribbon on 60k timeframe. trading above the 61k ema ribbon implies that bullish momentum is outweighing bearish momentum following tweets and tips,ive been doing superb in this field as ive added to my btc",0,0,recent,0,0.768,0.232,neutral
7.73029E+17,1.45433E+18,10/30/2021,15:10.0,huge banking news fdic to insure bitcoin via,0,0,recent,0,0.723,0.277,neutral
1.35446E+18,1.45433E+18,10/30/2021,15:16.0,bitcoin. you should buy bitcoin and as much as you can get of it.,1,0,recent,0,1,0,neutral
1.33836E+18,1.45433E+18,10/30/2021,15:18.0,it's wild to me that there are people who really think bitcoin is the future,0,0,recent,0,1,0,neutral
87494620,1.45433E+18,10/30/2021,15:18.0,"australian regulator gives thumbs up to bitcoin, ethereum etfs crypto news",0,0,recent,0,1,0,neutral
2787862885,1.45433E+18,10/30/2021,15:22.0,"1 bitcoin btc dollar: 61,536.65 1 bitcoin cash bch dollar: 5,90.81 1 ethereum eth dollar: 4,356.76 1 ripple xrp dollar: 1.10570 date: 30 oct 2021 6:15",1,1,recent,0,1,0,neutral
1.0676E+18,1.45433E+18,10/30/2021,15:23.0,im kidding it was bitcoin,0,0,recent,0,1,0,neutral
1.44568E+18,1.45433E+18,10/30/2021,15:27.0,"today, bitcoin is worth 61,539.72",0,0,recent,0,0.612,0.388,neutral
1.07035E+18,1.45433E+18,10/30/2021,15:30.0,"bitcoin btc transaction volume 7d ma just reached a 1month low of 124,915.429 btc view metric:",1,0,recent,0.159,0.758,0.083,neutral
1.38636E+18,1.45433E+18,10/30/2021,15:30.0,icp airdrop bitcoin,1,0,recent,0,1,0,neutral
9.47287E+17,1.45433E+18,10/30/2021,15:31.0,bitcoin clearly solves this,0,0,recent,0,0.182,0.818,positive
4150924217,1.45433E+18,10/30/2021,15:31.0,"well, fortunately the creators intentions matter less the longer they remain hidden. as they have less and less influence over the protocol and cannot come back to change things in their favor. whoever created bitcoin, has no more say than you or i on the direction of the projec",0,0,recent,0,0.7127,0.2873,neutral
1.07035E+18,1.45433E+18,10/30/2021,15:32.0,bitcoin btc mean transaction size 7d ma just reached a 1month low of 642.882 view metric:,4,1,recent,0.159,0.758,0.083,neutral
2159453065,1.45433E+18,10/30/2021,15:34.0,"crypto strategist justin bennett analyzes state of bitcoin, ethereum, dogecoin, vechain and verasity after aggressive market pullback",0,0,recent,0.11,0.89,0,neutral
1057243206,1.45433E+18,10/30/2021,15:35.0,dvision network announced dvision world will launch on november 1st press release bitcoin news bitcoin news,0,0,recent,0,1,0,neutral
1.29793E+18,1.45433E+18,10/30/2021,15:40.0,crypto prices usd/ bitcoin 61503.2166 ethereum 4352.8481 binance 529.5718 cardano 1.9899 tether 1.0001 litecoin 192.5737 doge 0.2774,0,1,recent,0,1,0,neutral
1.45012E+18,1.45433E+18,10/30/2021,15:42.0,"so honest. all crypto is honest. tether is a real backed asset, 2/3 of bitcoin being purchased is with real money backed 11 thats not manipulating the price. you arent just pumping right now with this tweet either",0,0,recent,0,0.5005,0.4995,neutral
1434106867,1.45433E+18,10/30/2021,15:45.0,"bitcoin is trying to find support from the ema ribbon on 60k timeframe. trading above the 61k ema ribbon implies that bullish momentum is outweighing bearish momentum following tweets and tips,ive been doing superb in this field as ive added to my btc",0,0,recent,0,0.768,0.232,neutral
18469669,1.45433E+18,10/30/2021,15:45.0,bitcoin is the peaceful protest that palestinians need,81,12,recent,0.244,0.366,0.39,positive
1.20092E+18,1.45433E+18,10/30/2021,15:46.0,no? all of the banking system uses about twice the energy of bitcoin. also do you realize how infinitely bigger the banking system is? check out this second source. 1 million bank transactions use less energy than one bitcoin one.,0,0,recent,0,0.704,0.096,neutral
1.43198E+18,1.45433E+18,10/30/2021,15:48.0,bitcoin is the most currupt form of market. can you bitcoin maxi vacate the seat for levelplayingfield ? or we throw back bitcoin to dictator's xi pingpong territory again ?,0,0,recent,0,1,0,neutral
1.45384E+18,1.45433E+18,10/30/2021,15:52.0,it would be great to see a shib icon when mentioning shib or shibainu as for bitcoin or btc shibarmy,5,1,recent,0,0.709,0.291,neutral
126569783,1.45433E+18,10/30/2021,15:54.0,"the whole value of bitcoin, the whole beauty of bitcoin, is that even a court order can't create a change in the network. if it could, it would be just another boring database",0,0,recent,0.1825,0.6025,0.215,neutral
196136211,1.45433E+18,10/30/2021,15:55.0,"fuck shiba, fuck dodge, fuck bitcoin this is the next big thing",0,0,recent,0.636,0.364,0,negative
1.29396E+18,1.45433E+18,10/30/2021,15:55.0,"what we do here is bitcoin mining and binary option trade, we manage account and trade for clients with our remote controlled software which enable you earn 100 on the return of your investment roi capital which gives you ten times your capital as profit within hours. btc",2,1,recent,0,0.948,0.052,neutral
1.33405E+18,1.45433E+18,10/30/2021,15:57.0,"in a spinning craze across the crypto landscape, while leading cryptocurrencies including bitcoin and ethereum were plummeting with sudden fluxes, a meme token, surged to continuously breaking multiple alltime highs in a matter of a week.",0,0,recent,0.068,0.886,0.046,neutral
1.35633E+18,1.45433E+18,10/30/2021,15:57.0,cardano stablecoin protocol ardana toasts 10m capital injection led by three arrows capital and ascensive assets press release bitcoin news,0,0,recent,0,0.872,0.128,neutral
1.22982E+18,1.45433E+18,10/30/2021,16:03.0,"not manipulated lmao aight, watch this shot in the dark coincidence: btc about to pump like 600ish bitcoin",5,0,recent,0,0.61,0.39,neutral
7.42095E+17,1.45433E+18,10/30/2021,16:03.0,"no, your original post was pretty clear you said market cap means something completely different in bitcoin, and it doesn't. it means the same thing it does for microsoft, apple, eth, shib, usd, eur, etc. the meaning of market cap doesn't change, at all, for any reason lol.",0,0,recent,0,0.7447,0.2553,neutral
1434106867,1.45433E+18,10/30/2021,16:03.0,"bitcoin is trying to find support from the ema ribbon on 60k timeframe. trading above the 61k ema ribbon implies that bullish momentum is outweighing bearish momentum following tweets and tips,ive been doing superb in this field as ive added to my btc",0,0,recent,0,0.768,0.232,neutral
3383733773,1.45433E+18,10/30/2021,16:03.0,"imagine, everything there is and everything that will ever be, divided by 21 million. bitcoin",1,1,recent,0,1,0,neutral
3509078064,1.45433E+18,10/30/2021,16:06.0,thoughts on btc bitcoin! see mracey's idea on tradingview below. trade it here:,0,0,recent,0,1,0,neutral
1.42831E+18,1.45433E+18,10/30/2021,16:08.0,crypto prices usd/ bitcoin 61503.2166 ethereum 4352.8481 binance 529.5718 cardano 1.9899 doge 0.2774 tether 1.0002 chainlink 30.3498,0,1,recent,0,1,0,neutral
4241880499,1.45433E+18,10/30/2021,16:10.0,"so many dick coins, oops meant bitcoin",0,0,recent,0.398,0.602,0,neutral
1.20983E+18,1.45433E+18,10/30/2021,16:14.0,hex pointing towards 100. bitcoin is goinf down to 10k .. u remember that? . we laugh at you. . your ponzi scheme is cut in half. even more. you are going down bitch.,0,0,recent,0.2408,0.5592,0.2,neutral
1.19354E+18,1.45433E+18,10/30/2021,16:18.0,"bitcoin price update coinbase actual price: 53 235,24 percentage variation: 1,52",0,0,recent,0,1,0,neutral
1.05876E+18,1.45433E+18,10/30/2021,16:23.0,crypto prices usd/ bitcoin 61506.7267 bitcoincash 591.7229 polygon 1.9423 filecoin 58.9665 stellar 0.3642 cosmos 38.2239 tron 0.101,0,0,recent,0,1,0,neutral
1434106867,1.45433E+18,10/30/2021,16:29.0,"bitcoin is trying to find support from the ema ribbon on 60k timeframe. trading above the 61k ema ribbon implies that bullish momentum is outweighing bearish momentum following tweets and tips,ive been doing superb in this field as ive added to my btc",0,0,recent,0,0.768,0.232,neutral
1.29578E+18,1.45433E+18,10/30/2021,16:30.0,is there a more honest market than bitcoin? answer: yes. twitter coin obviously i think so,0,0,recent,0,0.549,0.451,neutral
1.26171E+18,1.45433E+18,10/30/2021,16:33.0,crypto prices usd/ bitcoin 61506.7267 axieinfinity 143.9068 vechain 0.1352 ethereumclassic 49.5263 internetcomputer 44.2024 eos 4.4518,0,0,recent,0,1,0,neutral
1.39357E+18,1.45433E+18,10/30/2021,16:38.0,"the price of bitcoin reached a new high this month, and then started a round of correction, and now the price has reached 61.5k.btc do you still believe that this month will close above 63k?lbank",1,0,recent,0,0.879,0.121,neutral
1.32331E+18,1.45433E+18,10/30/2021,16:39.0,bitcoin taught me there is strength in numbers,5,0,recent,0,0.308,0.692,positive
1.32596E+18,1.45433E+18,10/30/2021,16:42.0,"tonight i stopped by a gas station for snacks, and they had a bitcoin atm there, why at a gas station",0,0,recent,0.216,0.784,0,neutral
901909142,1.45433E+18,10/30/2021,16:42.0,yes but how do you explain a difference of 5 lacs in buy and sell price of bitcoin. which market is driving that?? speak the truth atleast,0,0,recent,0,0.729,0.271,neutral
9.75186E+17,1.45433E+18,10/30/2021,16:45.0,"since you seem to be implying it to millions of people, l'll ask you directly. do you think bitcoin market is honest?",1,0,recent,0,0.738,0.262,neutral
212040907,1.45433E+18,10/30/2021,16:48.0,"meh. i say bring the mit rocket scientist on and get joe on board the b train. if he doesnt get pow and bitcoin first, he might have to slog through four years of shitcoin hard knocks first.",0,0,recent,0.368,0.632,0,neutral
1.31665E+18,1.45433E+18,10/30/2021,16:48.0,bitcoin is at 61574 usd,0,0,recent,0,1,0,neutral
1.06915E+18,1.45433E+18,10/30/2021,16:49.0,the same as always bitcoin,0,0,recent,0,1,0,neutral
2985272402,1.45433E+18,10/30/2021,16:56.0,"just how high is the bitcoin encryption? when you consider bitcoin has successfully balanced all finance, you might try the problem. just by its presence, bitcoin is worth the rise of financial times, which is probably without end. equal to it. balance is solely by the computer.",0,0,recent,0.0454,0.8624,0.0922,neutral
1.44586E+18,1.45433E+18,10/30/2021,17:00.0,i need to repost that ! what can you tell about using insider info while trading? my friend found this space on one close site . look at rdn salt waves xby xin xrp bitcoin 51809557,0,0,recent,0,0.9025,0.0975,neutral
97569830,1.45433E+18,10/30/2021,17:02.0,liquid craft's dragon and bourbon nft series press release bitcoin news,0,0,recent,0,1,0,neutral
1.33405E+18,1.45433E+18,10/30/2021,17:10.0,"bitcoin is again witnessing some serious bull runs this week. after a marketwide crypto crash in the last few months, bitcoin and altcoins are back in action.",0,0,recent,0.229,0.771,0,neutral
1.29396E+18,1.45433E+18,10/30/2021,17:10.0,"testimonies are true, bitcoin trading is still paying and changing the lives of many, dm me if you do like to start making money from trading .... 100 legit.",1,1,recent,0.068,0.676,0.256,neutral
1.27989E+18,1.45433E+18,10/30/2021,17:12.0,"any currency with the ability to be distributed equally in that manner is inherently centralized and thus, less fair than bitcoin",0,0,recent,0,0.676,0.324,neutral
44410488,1.45433E+18,10/30/2021,17:12.0,"probably true, but the statement says more about the manipulated state of the other markets than the honesty of bitcoin...",0,0,recent,0.178,0.411,0.411,neutral
9.73496E+17,1.45433E+18,10/30/2021,17:23.0,"ethereum captures new alltime price high eth market cap surpasses 510 billion nine days ago, bitcoin reached a new alltime high ath and now the second leading crypto asset ethereum has tapped an ath on friday... idelto",0,0,recent,0,0.886,0.114,neutral
346486738,1.45433E+18,10/30/2021,17:30.0,bitcoin amp; 2 cryptos: btc technical analysis via chartchampions,0,0,recent,0,1,0,neutral
1434106867,1.45433E+18,10/30/2021,17:35.0,"bitcoin is trying to find support from the ema ribbon on 60k timeframe. trading above the 61k ema ribbon implies that bullish momentum is outweighing bearish momentum following tweets and tips,ive been doing superb in this field as ive added to my btc",0,0,recent,0,0.768,0.232,neutral
15338256,1.45433E+18,10/30/2021,17:40.0,"tech50: gosats is offering a bitcoin reward system, which is the simplest bitcoin onramp in india, allowing users to do as they please with their accumulated",2,1,recent,0,0.582,0.418,neutral
1434106867,1.45433E+18,10/30/2021,17:43.0,"bitcoin is trying to find support from the ema ribbon on 60k timeframe. trading above the 61k ema ribbon implies that bullish momentum is outweighing bearish momentum following tweets and tips,ive been doing superb in this field as ive added to my btc",0,0,recent,0,0.768,0.232,neutral
9.66944E+17,1.45433E+18,10/30/2021,17:49.0,bitcoin path: uptober new ath 67k moonvember 80k citadelcember 90k jumpuary 100k blowoff top 120k,0,0,recent,0,0.886,0.114,neutral
94586086,1.45433E+18,10/30/2021,17:49.0,bitcoin,0,0,recent,0,1,0,neutral
1.08766E+18,1.45433E+18,10/30/2021,17:52.0,half hourly price update usd: bsv bitcoin: 162.9 dead forks for laser cucks and pedo money launderers: btc blockstream turd coin: 61579.0 bchn btrash new: 591.75 bchabc btrash old: 0.00,0,0,recent,0.137,0.863,0,neutral
468930263,1.45433E+18,10/30/2021,17:55.0,1/ i disagree bitcoin has survived 12 years without a marketing team. the protocol proves itself with its set of rules / equitable distribution system and doesnt need individuals that push a certain agenda this is contrary to every single other coin out there,0,0,recent,0.1355,0.8065,0.058,neutral
1710408061,1.45433E+18,10/30/2021,17:58.0,"dan pena reveals the person behind bitcoin, says it will go to zero. dan pea claims he knows the person who created bitcoin, and according to him, it is russian president vladimir putin. he believes that bitcoin is a russian conspiracy to mess up the western economy.",0,0,recent,0.1803,0.7663,0.0533,neutral
8.60215E+17,1.45433E+18,10/30/2021,18:02.0,sir bitcoin is way past its purpose. its on wall street.,0,0,recent,0,1,0,neutral
1.33339E+18,1.45433E+18,10/30/2021,18:02.0,immersive cooling tech could help bitcoin mining go green by 2030,0,0,recent,0,0.769,0.231,neutral
1.3638E+18,1.45433E+18,10/30/2021,18:04.0,immersive cooling tech could help bitcoin mining go green by 2030 by financely group,0,0,recent,0,0.803,0.197,neutral
1.14202E+18,1.45433E+18,10/30/2021,18:05.0,btc.x eth.x xrp.x immersive cooling tech could help bitcoin mining go green by 2030,0,0,recent,0,0.816,0.184,neutral
1542351812,1.45433E+18,10/30/2021,18:06.0,immersive cooling tech could help bitcoin mining go green by 2030,0,2,recent,0,0.769,0.231,neutral
1.36215E+18,1.45433E+18,10/30/2021,18:08.0,"btcusd current bitcoin price: 61,555 day high: 62,215 day low: 61,482 year low: 13,243 year high: 66,930 65 day moving avg: 53,337 10 day moving avg: 61,500",0,0,recent,0.144,0.856,0,neutral
1.27471E+18,1.45433E+18,10/30/2021,18:13.0,dvision network announced dvision world will launch on november 1st press release bitcoinnews,0,0,recent,0,1,0,neutral
1434106867,1.45433E+18,10/30/2021,18:14.0,"bitcoin is trying to find support from the ema ribbon on 60k timeframe. trading above the 61k ema ribbon implies that bullish momentum is outweighing bearish momentum following tweets and tips,ive been doing superb in this field as ive added to my btc",0,0,recent,0,0.768,0.232,neutral
9.60982E+17,1.45433E+18,10/30/2021,18:21.0,"crypto comes and goes, i have no idea what nonsense ill be holding by 2030. but iam sure gonna hodl bitcoin no matter what",0,0,recent,0.276,0.553,0.171,neutral
1434106867,1.45433E+18,10/30/2021,18:35.0,"bitcoin is trying to find support from the ema ribbon on 60k timeframe. trading above the 61k ema ribbon implies that bullish momentum is outweighing bearish momentum following tweets and tips,ive been doing superb in this field as ive added to my btc",0,0,recent,0,0.768,0.232,neutral
1.35625E+18,1.45433E+18,10/30/2021,18:37.0,"bitcoin reaffirms its leadership in the global crypto market posted on oct 30, 2021, 7:00 ambitcoin has doubled in value this year and it doesn't appear to be full. it is worth more than a kilo o...",0,0,recent,0,0.6105,0.3895,neutral
44089626,1.45433E+18,10/30/2021,18:45.0,if nobody ever sells bitcoin it would definitely loose its value ... warning,0,0,recent,0.318,0.338,0.345,positive
357633995,1.45433E+18,10/30/2021,18:46.0,if you're looking for a way to recover your lost trading forex and bitcoin. inbox me directly i can help you recover your lost without any fees. whatsapp14125955514,0,0,recent,0.19,0.7237,0.0867,neutral
1434106867,1.45433E+18,10/30/2021,18:47.0,"bitcoin is trying to find support from the ema ribbon on 60k timeframe. trading above the 61k ema ribbon implies that bullish momentum is outweighing bearish momentum following tweets and tips,ive been doing superb in this field as ive added to my btc",0,0,recent,0,0.768,0.232,neutral
1.34618E+18,1.45433E+18,10/30/2021,18:47.0,buy bitcoin with cad coinsmart,0,0,recent,0,1,0,neutral
971238660,1.45433E+18,10/30/2021,18:47.0,bitcoin is honest money,1,0,recent,0,0.377,0.623,positive
1.38079E+18,1.45433E+18,10/30/2021,18:53.0,good project bitcoin ltc,0,0,recent,0,0.508,0.492,neutral
1.44399E+18,1.45433E+18,10/30/2021,19:00.0,current bitcoin price is 61576,0,0,recent,0,1,0,neutral
1.41781E+18,1.45433E+18,10/30/2021,19:04.0,"peterthiel: 'i've been underinvested' in bitcoin the argued that the rise of cryptocurrencies ""tells us that we are at a complete bankruptcy moment for the centralbanks."" read more...",0,0,recent,0.1,0.9,0,neutral
1.43431E+18,1.45433E+18,10/30/2021,19:11.0,if he invested just 1 million in bitcoin back in 2014 during his peak hits instead of deciding to move weight he would be worth well over 100 milly right now.,0,0,recent,0,0.789,0.211,neutral
1.2593E+18,1.45433E+18,10/30/2021,19:12.0,if you have cryptos bitcoin our cyber analyst can double up weekly just hit me up,1,0,recent,0,1,0,neutral
2543336792,1.45433E+18,10/30/2021,19:12.0,no bitcoin on it though.,1,0,recent,0,1,0,neutral
8.36638E+17,1.45433E+18,10/30/2021,19:16.0,the debate around lobbying vs crypto i think? i cant say i really i disagree at this point. passively waiting for congress doesnt fix the debt issue hence bitcoin. this is really no different. our actions to create a fair blockchain exchange will.,0,0,recent,0.0314,0.6996,0.269,neutral
81387529,1.45433E+18,10/30/2021,19:20.0,"bitcoin will be zero on february 8, 2022",0,0,recent,0,1,0,neutral
58410144,1.45433E+18,10/30/2021,19:22.0,bitcoin is hope for a better world.,4,0,recent,0,0.256,0.744,positive
226194552,1.45433E+18,10/30/2021,19:24.0,"my take is just a guess. say next year for the example: if the economy crashes, no one is going to want a bitcoin as a currency because most things are not being bought with it. as a store of value? maybe. but if people pull it to buy tangible things it might crash. good take.",7,0,recent,0.0817,0.6622,0.2562,neutral
24457587,1.45433E+18,10/30/2021,19:30.0,"i listened to 2 of the 3 pods so far, both were awesome: 1. should government exist? 2. what if internet goes out? offline bitcoin transactions",0,0,recent,0.143,0.7067,0.1503,neutral
2281314234,1.45433E+18,10/30/2021,19:36.0,"bitcoin is only onenever been down or hacked and only working blockchain solution to date, everything else is scam",1,1,recent,0.264,0.571,0.164,neutral
1220860142,1.45433E+18,10/30/2021,19:49.0,china they can just launch 6 nukes and have them explodes a few miles above land and then all your fake coin will be useless. but the functioning underground well i have in my backyard will become much more valuable than your bitcoin ever was at that point.,0,0,recent,0.2285,0.5745,0.197,neutral
468930263,1.45433E+18,10/30/2021,19:55.0,"2/ again, youre blaming a small group of individuals that has nothing to do with bitcoin. so youre directing you criticism at people and making a decision based on peoples personalities rather than making an informed decision based on the protocol itself",0,0,recent,0.229,0.771,0,neutral
1434106867,1.45433E+18,10/30/2021,19:57.0,"bitcoin is trying to find support from the ema ribbon on 60k timeframe. trading above the 61k ema ribbon implies that bullish momentum is outweighing bearish momentum following tweets and tips,ive been doing superb in this field as ive added to my btc",0,0,recent,0,0.768,0.232,neutral
1.2971E+18,1.45433E+18,10/30/2021,20:05.0,bitcoin is just mathematical purity.,0,0,recent,0,1,0,neutral
1.13867E+18,1.45433E+18,10/30/2021,20:06.0,do you understand that 2000 asics are different than 256 nodes. btw 40 phs are a fraction of the bitcoin hashrate power considering that now its around 160 m ths.,0,0,recent,0,1,0,neutral
2739116002,1.45433E+18,10/30/2021,20:08.0,when i was born some of the gods and goddesses of past glories visited me with frankincense and bitcoin. places his crown of glory over his humble heart.,0,0,recent,0,0.525,0.475,neutral
247850273,1.45433E+18,10/30/2021,20:17.0,"do you think we will see a 100,000 bitcoin this month?",0,0,recent,0,1,0,neutral
87494620,1.45433E+18,10/30/2021,20:19.0,"the weekly recap: shiba inu up 150, eth sets ath, bitcoin dips below 60k cryptopotato",0,0,recent,0,1,0,neutral
1.43232E+18,1.45433E+18,10/30/2021,20:20.0,kale have nightmare in the middle of the night about all the dog coins killing bitcoin then he wake up to tweet this. its ok kale everything will be fine,1,0,recent,0.1715,0.495,0.3335,neutral
9.73496E+17,1.45433E+18,10/30/2021,20:25.0,100 in free bitcoin: nba team dallas mavericks and voyager kick off partnership with btc bonus the nba team dallas mavericks has partnered with crypto platform voyager and is offering its fans a 100 bonus in bitcoin to sign up... idelto,0,0,recent,0,0.646,0.354,neutral
1.25271E+18,1.45433E+18,10/30/2021,20:30.0,bitcoin mining,0,0,recent,0,1,0,neutral
2645589422,1.45433E+18,10/30/2021,20:36.0,bitcoincash is unstoppable electronic money that doesnt need permission from anyone.bch is freedom to exchange between people as a means to liberate us from oppression amp; realise our true amp; full potential. innovators amp; visionaries understand this about,2,0,recent,0.035,0.564,0.401,neutral
483748673,1.45433E+18,10/30/2021,20:41.0,"if one or two individuals could swing defi interest rate market overnight, you know we are still very early; the market structure of defi is pretty much 20132014 bitcoin",7,0,recent,0,0.744,0.256,neutral
1.45352E+18,1.45433E+18,10/30/2021,20:44.0,this is my story: december 17th 2016: i woke up to my brother telling my dad about bitcoin once again. and i always always wanted to be a part of this cryptocurrency stuff because it was really interesting for me and i felt like this is the future it all makes sense.,0,0,recent,0,0.788,0.212,neutral
33838686,1.45433E+18,10/30/2021,20:45.0,"will history repeat itself, or will we pivot to sound monetary policy in time? bitcoin",0,0,recent,0,1,0,neutral
1.45352E+18,1.45433E+18,10/30/2021,20:45.0,and then i open a binance account and send the money there everyday. i bought 10k worth of bitcoin for 10 days straight and never sold it since but i did exchange for some ethereum in 2019 because i saw a opportunity.,0,0,recent,0,0.8225,0.1775,neutral
9.4216E+17,1.45433E+18,10/30/2021,20:46.0,bitcoin has ufwan technology unfuckwithableness,0,0,recent,0,1,0,neutral
1.36064E+18,1.45433E+18,10/30/2021,20:50.0,"microstrategy has revealed that it bought additional 9,000 units of bitcoin during the third quarter of the year, bringing the worth of its holdin...",0,0,recent,0,0.863,0.137,neutral
1.33674E+18,1.45433E+18,10/30/2021,20:53.0,"only few lucky persons are gonna benefit from my weekend giveaway ! if your bitcoin wallet starts with 2 or b2 then reply this tweet with your bitcoin address, you will recieve something that will surprise you !",1,0,recent,0,0.6445,0.3555,neutral
297257201,1.45433E+18,10/30/2021,20:59.0,"that's why, working on bitcoin wallet.",0,0,recent,0,1,0,neutral
1.05345E+18,1.45433E+18,10/30/2021,21:00.0,btc/usd btcusd btc usd bitcoin gearing up for the 'final leg' 85k cryptomaniac10... long or short it with btc on trade8:,0,0,recent,0,1,0,neutral
273353243,1.45433E+18,10/30/2021,21:06.0,dvision network announced dvision world will launch on november 1st press release bitcoinnews,0,0,recent,0,1,0,neutral
1.27471E+18,1.45433E+18,10/30/2021,21:14.0,sec will not approve leveraged bitcoin etf:report,0,0,recent,0,1,0,neutral
1.45214E+18,1.45433E+18,10/30/2021,21:25.0,check baby bitcoin out maybe? bbtc,0,0,recent,0,1,0,neutral
1.32158E+18,1.45433E+18,10/30/2021,21:27.0,"there is only one genuine bitcoin, be honest and tell the world the truth",1,0,recent,0,0.472,0.528,positive
1.29396E+18,1.45433E+18,10/30/2021,21:33.0,bitcoin is the future money! start investing in the forex or bitcoin market today with our platform under my management and have the chance to win your accurate trade without losing a penny of your trade.,2,1,recent,0,0.8085,0.1915,neutral
1.42957E+18,1.45433E+18,10/30/2021,21:37.0,bitcoin for life living the dream,0,0,recent,0,0.6,0.4,neutral
1.2626E+18,1.45433E+18,10/30/2021,21:42.0,could have invested in bitcoin instead of selfie teeth,0,0,recent,0,1,0,neutral
1.29793E+18,1.45433E+18,10/30/2021,21:48.0,crypto prices usd/ bitcoin 61579.575 ethereum 4361.4848 binance 530.763 cardano 1.9966 tether 1.0001 litecoin 192.9409 doge 0.2775,0,0,recent,0,1,0,neutral
1.4331E+18,1.45433E+18,10/30/2021,21:51.0,or a 5k etfs are forgery. paperbitcoin.,0,0,recent,0,1,0,neutral
1.19354E+18,1.45433E+18,10/30/2021,22:07.0,"bitcoin price update coinbase actual price: 53 299,89 percentage variation: 1,68",0,0,recent,0,1,0,neutral
1.44596E+18,1.45433E+18,10/30/2021,22:13.0,this is awesome ! i did 90 in one week using private bitcoin signals from this channel . last one was ppt with 16 profit . don't miss this chance gvt mona lend hydro qkc qntu phx 176504758,0,0,recent,0.0318,0.5735,0.3947,neutral
1.42831E+18,1.45433E+18,10/30/2021,22:15.0,crypto prices usd/ bitcoin 61579.575 ethereum 4362.5023 binance 530.8091 cardano 1.9966 doge 0.2775 tether 1.0001 chainlink 30.3864,0,0,recent,0,1,0,neutral
1.33406E+18,1.45433E+18,10/30/2021,22:15.0,i hope that bitcoin close the month up to 63kthis is very possible ..this will be a very bullish sign and november will be a run to 90k. let's keep fingers crossed.,0,0,recent,0,0.8875,0.1125,neutral
1.21339E+18,1.45433E+18,10/30/2021,22:16.0,you have your casino we have our preprogrammed unchangeable path bitcoin. we are not the same.,0,0,recent,0,0.5,0,neutral
1.40146E+18,1.45433E+18,10/30/2021,22:23.0,"epic day today. halving of the our blockchain current emission of 11,520 per day declines to 5,760 this weekend. two years later it declines to 2,880. epic is bitcoin remastered. stay epically. always. epiccash",1,1,recent,0,1,0,neutral
1.40146E+18,1.45433E+18,10/30/2021,22:24.0,"bitcoin cannot be readily mined or stored on mobile phones, nor on most pcs. in contrast, by using the mimblewimble protocol, epic is able to run natively on lowend mobile devices. a full node requires less than 1.2 gb about 1/10th of the storage space required for bitcoin.",1,1,recent,0,1,0,neutral
14424995,1.45433E+18,10/30/2021,22:28.0,confession: my brain breaks every time i try to understand cryptocurrency/bitcoin/blockchain.,0,0,recent,0,1,0,neutral
9.53181E+17,1.45433E+18,10/30/2021,22:32.0,"i just checked, bitcoin is now 100x from where i first time bought it insane gains",36,7,recent,0.223,0.496,0.281,neutral
1.05876E+18,1.45433E+18,10/30/2021,22:35.0,crypto prices usd/ bitcoin 61582.4143 bitcoincash 592.4686 polygon 1.9494 filecoin 59.0506 stellar 0.3655 cosmos 38.3113 tron 0.1015,0,0,recent,0,1,0,neutral
1.38738E+18,1.45433E+18,10/30/2021,22:35.0,"luckily i did not shit the bed during the may crash and used the opportunity to stack those sweet, sweet sats bitcoin",0,0,recent,0.258,0.246,0.496,positive
318791978,1.45433E+18,10/30/2021,22:40.0,not seeing any books on the bitcoin magazine store. do you plan on selling books again or is it best to get them elsewhere? thanks!,0,0,recent,0,0.5143,0.4857,neutral
1591754005,1.45433E+18,10/30/2021,22:46.0,bitcoin and ethereum,0,0,recent,0,1,0,neutral
80887339,1.45433E+18,10/30/2021,22:52.0,bitcoin and as esg money. via,0,0,recent,0,1,0,neutral
9.93394E+17,1.45433E+18,10/30/2021,22:54.0,you need to have 50 shares of any company to own at stock market. othervise you are just a fish in a lake. but bitcoin you own is your bitcoin,0,0,recent,0,0.898,0.102,neutral
1.36821E+18,1.45433E+18,10/30/2021,22:54.0,5 simple ways to earn bitcoin! check out the link below and follow on twitter on ig there are prices to be won by lucky subscribers...,13,13,recent,0,0.857,0.143,neutral
1.44903E+18,1.45433E+18,10/30/2021,22:55.0,"winners are not afraid of losing. but losers are. failure is part of the process of success. people who avoid failure also avoid success. if youre still doing what mommy and daddy said for you to do go to school, get a job, and save money, youre losing. bitcoin is wealth.",1,0,recent,0.4103,0.2322,0.3575,negative
62666453,1.45433E+18,10/30/2021,23:01.0,"cud bitcoin be nxt reserve currency of the worldi hope notbut why notor it cud be the global internet currencymkting 101what does the customer wantthe banks have 2 offer it or become irrelevantthats whats happeninggovernments hate it,b/c they r losing controlagain enjoy!",1,0,recent,0.18,0.648,0.172,neutral
1.4514E+18,1.45433E+18,10/30/2021,23:10.0,ethereum: the transformation that could see it overtake bitcoin,0,0,recent,0,1,0,neutral
1.36328E+18,1.45433E+18,10/30/2021,23:16.0,bitcoin correction,2,1,recent,0,1,0,neutral
15816811,1.45433E+18,10/30/2021,23:18.0,"keep to bitcoin, not crypto or cryptocurrency, and you'll never have to worry about depression.",0,0,recent,0,0.481,0.519,positive
1.33932E+18,1.45433E+18,10/30/2021,23:19.0,hbar official eoy pump coin bitcoin moon landing no sleep november btc.x,0,0,recent,0,1,0,neutral
1.45377E+18,1.45433E+18,10/30/2021,23:20.0,"nope, bitcoin belongs same cast as usa stock markets.",0,0,recent,0,1,0,neutral
1.29894E+18,1.45433E+18,10/30/2021,23:25.0,"mindblowing tech, resolving the power consumption of pow, take note ethereum and bitcoin.",0,0,recent,0,0.776,0.224,neutral
435955114,1.45433E+18,10/30/2021,23:28.0,damn! only use and support bitcoin only exchanges!,1,0,recent,0.5,0.263,0.237,negative
1.42093E+18,1.45433E+18,10/30/2021,23:29.0,bitcoin is the future,1,1,recent,0,1,0,neutral
18108060,1.45433E+18,10/30/2021,23:31.0,seems like something kramer would do in seinfeld. although these days he'd be too busy with bitcoin,0,0,recent,0,0.8335,0.1665,neutral
1.32331E+18,1.45433E+18,10/30/2021,23:34.0,world relies on the principle of trust but verify. bitcoin relies on don't trust just verify,1,0,recent,0,0.548,0.452,neutral
9.60982E+17,1.45433E+18,10/30/2021,23:36.0,"eth , thevitalicoin is just one of the early copies of bitcoin. and unlike bitcoin, it didnt evolve and grew to be better and more decentralised, instead vitalic holds such control over it, that if eth would be adopted he could rename earth and fire us all. eth ? no thank you",0,0,recent,0.0558,0.6743,0.2697,neutral
1.338E+18,1.45433E+18,10/30/2021,23:39.0,"current bitcoin price: 61,510.11 create personalized bitcoin alerts at",0,0,recent,0,0.583,0.417,neutral
2288415904,1.45433E+18,10/30/2021,23:50.0,its a shame because bitcoin is a speculative investment and not a safe way to build wealth at all,0,0,recent,0.212,0.274,0.514,positive
1.27098E+18,1.45433E+18,10/30/2021,23:51.0,read!!! bitcoin is a leading cryptocurrency thats why im referring to you she generated over 400 on my investment with bitcoin or other cryptocurrency she is good at what she does,0,0,recent,0,0.8955,0.1045,neutral
9.42461E+17,1.45433E+18,10/30/2021,23:55.0,"just barring few weekends and weekdays when bitcoin price was artificially pumped at key resistance levels like the amazon accepting bitcoin fake news. but yes, remaining days it is an honest market.",0,0,recent,0.071,0.4405,0.489,positive
1.09324E+18,1.45433E+18,10/30/2021,24:04.0,bitcoin went to 3k twice eth went to 90 last year,3,0,recent,0,1,0,neutral
8.97577E+17,1.45433E+18,10/30/2021,24:05.0,"the bitcoinpizza would be worth us615,761,023.43 right now up 0.6690744 in the last 24 hours bitcoin",0,0,recent,0,0.826,0.174,neutral
1.43246E+18,1.45433E+18,10/30/2021,24:06.0,forever more about sats left in exchanges and bitcoin.,0,0,recent,0.231,0.769,0,neutral
1.01871E+18,1.45433E+18,10/30/2021,24:07.0,buy bitcoin,0,0,recent,0,1,0,neutral
1.35446E+18,1.45433E+18,10/30/2021,24:11.0,"he's coined charm as a new age stock going forward as opposed to faang. charm stands for listed bitcoin miners. mara, hut, riot and two more.. pretty cringy",0,0,recent,0.111,0.5717,0.317,neutral
354957945,1.45433E+18,10/30/2021,24:15.0,"retweet selected by the team 'realistically,' bitcoin must now consolidate yearly gain: tom lee investing",0,0,recent,0,0.764,0.236,neutral
1.37012E+18,1.45433E+18,10/30/2021,24:17.0,bitcoin is way down there.,0,0,recent,0,1,0,neutral
1.27098E+18,1.45433E+18,10/30/2021,24:26.0,read!!! bitcoin is a leading cryptocurrency thats why im referring to you she generated over 400 on my investment with bitcoin or other cryptocurrency she is good at what she does bitcoin,0,0,recent,0,0.9025,0.0975,neutral
1.37851E+18,1.45433E+18,10/30/2021,24:40.0,"you are thinking very small and making an ""assumption"" that the world would still be the same in 10,20,30... years. bitcoin isn't just now, it is also for future generations.",0,0,recent,0,1,0,neutral
40971127,1.45433E+18,10/30/2021,24:40.0,dude you have any bitcoin i can buy from you by chance ?,0,0,recent,0,0.6,0.4,neutral
15561794,1.45433E+18,10/30/2021,24:42.0,dvision network announced dvision world will launch on november 1st press release bitcoinnews,0,0,recent,0,1,0,neutral
1.43803E+18,1.45433E+18,10/30/2021,24:45.0,its the bitcoin version of the nigerian prince email scam,0,0,recent,0.425,0.575,0,neutral
1.43664E+18,1.45433E+18,10/30/2021,24:45.0,"i want to say it that the network aims to process a block every minute, as compared to bitcoins 10 minutes amp; litecoin's 2.5 minutes. yourstory techsparks",0,0,recent,0.0795,0.8845,0.0355,neutral
1.27098E+18,1.45433E+18,10/30/2021,24:53.0,read!!! bitcoin is a leading cryptocurrency thats why im referring to you she generated over 400 on my investment with bitcoin or other cryptocurrency she is good at what she does bitcoin,0,0,recent,0,0.9025,0.0975,neutral
1.32252E+18,1.45433E+18,10/30/2021,24:54.0,"the network aims to process a block every minute, as compared to bitcoins 10 minutes amp; litecoin's 2.5 minutes. yourstory techsparks",0,0,recent,0.091,0.909,0,neutral
1.45377E+18,1.45433E+18,10/30/2021,24:59.0,10 usa people owns 90 stocks same as bitcoin. mining system as same 50 miners can control 50 bitcoin hashrate.,0,0,recent,0,1,0,neutral
1.44265E+18,1.45433E+18,10/30/2021,25:00.0,"if you wait until everyone understands it, you won't be able to afford it. bitcoin",0,0,recent,0,1,0,neutral
7.74679E+17,1.45433E+18,10/30/2021,25:02.0,"us government auctioning 300,000 worth of bitcoin",0,0,recent,0,0.678,0.322,neutral
1.4333E+18,1.45433E+18,10/30/2021,25:02.0,"this is so good tech50: is a peertopeer cryptocurrency or digital currency designed for the online community. minute, as compared to bitcoins 10 minutes amp; litecoin's 2.5 minutes. yourstory techsparks",0,0,recent,0,0.9113,0.0887,neutral
1.27098E+18,1.45433E+18,10/30/2021,25:06.0,read!!! bitcoin is a leading cryptocurrency thats why im referring to you she generated over 400 on my investment with bitcoin or other cryptocurrency she is good at what she does bitcoin,0,0,recent,0,0.9025,0.0975,neutral
1.44069E+18,1.45433E+18,10/30/2021,25:16.0,"the network aims to process a block every minute, as compared to bitcoins 10 minutes amp; litecoin's 2.5 minutes. yourstory techsparks",0,0,recent,0.091,0.909,0,neutral
235479797,1.45433E+18,10/30/2021,25:19.0,"never will be, at least for the next 100 years! bitcoin",1,1,recent,0,1,0,neutral
87494620,1.45433E+18,10/30/2021,25:20.0,apple's steve wozniak knows what's up: there can never be another bitcoin,0,0,recent,0,1,0,neutral
1.4199E+18,1.45433E+18,10/30/2021,25:21.0,"the network aims to process a block every minute, as compared to bitcoins 10 minutes and litecoin's 2.5 minutes. yourstory techsparks",0,0,recent,0.0975,0.9025,0,neutral
20155694,1.45433E+18,10/30/2021,25:23.0,but bitcoin is bad for the environment! everyone who tells me what to say says so!,1,0,recent,0.318,0.682,0,neutral
1.39831E+18,1.45433E+18,10/30/2021,25:28.0,the last thing on your mind would be bitcoin or finances if the entire global grid went down. it would likely mean a catastrophic event has occurred on a global scale.,1,0,recent,0.157,0.843,0,neutral
1.06135E+18,1.45433E+18,10/30/2021,25:29.0,watch how much your going to hodl after you sell. you might just get more bitcoin babe,0,0,recent,0,1,0,neutral
1.41781E+18,1.45433E+18,10/30/2021,25:32.0,"ethereum follows bitcoin's lead, hits alltime high price the price of past its previous alltime high, set on may 12 read more...",0,0,recent,0,1,0,neutral
1.19785E+18,1.45433E+18,10/30/2021,25:37.0,"the network aims to process a block every minute, as compared to bitcoins 10 minutes amp; litecoin's 2.5 minutes. yourstory techsparks",0,0,recent,0.091,0.909,0,neutral
3551934803,1.45433E+18,10/30/2021,25:45.0,or just use bitcoin and wait for cel card yall overthinking this,0,0,recent,0,1,0,neutral
1.34556E+18,1.45433E+18,10/30/2021,25:45.0,"bitcoin solves this problem, regardless of whatever future government takes on lira's issues and tries to sort it.",0,0,recent,0.186,0.69,0.124,neutral
1.45327E+18,1.45433E+18,10/30/2021,25:48.0,just in: shib is the 3rd most searched cryptocurrency on google in 2021 behind bitcoin and ethereum study shows!,1,0,recent,0,1,0,neutral
9.08416E+17,1.45433E+18,10/30/2021,25:58.0,just when we were on the brink of efficient electricvehicle and efficient houses these dumbasses invent bitcoin and burn gigawatts of power to transact blow and nft s,2,0,recent,0.178,0.545,0.277,neutral
1.25968E+18,1.45433E+18,10/30/2021,25:58.0,"1b is fud, this will bonk bitcoin dobo shib",3,0,recent,0.296,0.704,0,neutral
1.27098E+18,1.45433E+18,10/30/2021,26:02.0,read!!! bitcoin is a leading cryptocurrency thats why im referring to you she generated over 400 on my investment with bitcoin or other cryptocurrency she is good at what she does bitcoin,0,0,recent,0,0.9025,0.0975,neutral
1.36215E+18,1.45433E+18,10/30/2021,26:03.0,"btcusd current bitcoin price: 61,599 day high: 62,215 day low: 61,482 year low: 13,243 year high: 66,930 65 day moving avg: 53,339 10 day moving avg: 61,506",0,0,recent,0.144,0.856,0,neutral
3325345864,1.45433E+18,10/30/2021,26:11.0,what a waste of bitcoin. whats the point of the effort if tou dont beleive in it,0,0,recent,0.3685,0.6315,0,neutral
1.40295E+18,1.45433E+18,10/30/2021,26:12.0,bitcoin etfs and politicians being bullish cryptonewscentral,0,0,recent,0,1,0,neutral
1.29966E+18,1.45433E+18,10/30/2021,26:14.0,"if you want honesty, but bitcoin. if you want more money, buy ethereum. if you want ___insert comment__, then buy __insert comment.",0,0,recent,0,0.558,0.442,neutral
1.02185E+18,1.45433E+18,10/30/2021,26:15.0,"bitcoin is the first form of money that is free from government control and manipulation; it's the first form of money that is not attached to a government, its value can't be diluted by the government money printer. bitcoin",0,0,recent,0.044,0.8415,0.1145,neutral
1.34909E+18,1.45433E+18,10/30/2021,26:16.0,bitcoin.,0,0,recent,0,1,0,neutral
1.05E+18,1.45433E+18,10/30/2021,26:23.0,"i'm old enough to remember when reddit changed its whole search engine description to ""bitcoin, crypto, etc""...",0,0,recent,0,1,0,neutral
14366637,1.45433E+18,10/30/2021,26:26.0,"it's a weak design, philosophy for blockchain security. only bitcoin is correct. try syncing an archival geth node home. you can't. we just tried, across 4 months. in a data center. now resyncing with 128gb ram, 32 vcpus, and 10tb storage. your assumptions are all wrong.",0,0,recent,0.1381,0.8256,0.0361,neutral
1.45432E+18,1.45433E+18,10/30/2021,26:26.0,"the first game to win 50 worth of bitcoin is: download the game and score above 400 follow, like, and retweet to participate in next weeks draw the draw will be on monday 8/nov/21 please read the pinned tweet!",0,0,recent,0,0.656,0.344,neutral
1.34134E+18,1.45433E+18,10/30/2021,26:28.0,bitcoin/usd 4h tf sold around 62600. sl 64000. tp 60450. good risk reward trade. sl or tp? lets see what i take home,0,0,recent,0.0357,0.8527,0.1117,neutral
1.27098E+18,1.45433E+18,10/30/2021,26:31.0,read!!! bitcoin is a leading cryptocurrency thats why im referring to you she generated over 400 on my investment with bitcoin or other cryptocurrency she is good at what she does bitcoin,0,0,recent,0,0.9025,0.0975,neutral
587150525,1.45433E+18,10/30/2021,26:38.0,freebitcoin faucet btc claim every 15 minutes average time of claim bitcoin is 15 minutes. depends on state of the bitcoin network. automatic withdrawal processed every sunday without fees,1,0,recent,0,0.9483,0.0517,neutral
1.43866E+18,1.45433E+18,10/30/2021,26:39.0,"beardy found bitcoin in a user vault at this location! join me playing coinhuntworld, it's awesome!",0,0,recent,0,0.5515,0.4485,neutral
4150924217,1.45433E+18,10/30/2021,26:39.0,but you will never get that so your position is fixed. you will never accept bitcoin as good for el salvador because the creator is unknown. if it benefits the people of el salvador it is still negative because you don't know the intent or the creator.,0,0,recent,0.2283,0.7037,0.068,neutral
1.45415E+18,1.45433E+18,10/30/2021,26:41.0,follow me on let's hunt for bitcoins together! get an exciting experience on 1 igaming platform with btc staking payouts!.my username: user809183,0,0,recent,0,0.869,0.131,neutral
1.22936E+18,1.45433E+18,10/30/2021,26:44.0,"i'm afraid bitcoin doesn't really align with my values. i see some benefits in the technology behind it, but that's about all. it's not a currency, merely a vehicle for gangsters to hide their money and others to gamble whilst pumping out co2.",0,0,recent,0.0483,0.6687,0.283,neutral
1.36247E+18,1.45433E+18,10/30/2021,26:53.0,australian securities regulator asic likely to approve a bitcoin etf,0,0,recent,0,0.745,0.255,neutral
1.37562E+18,1.45433E+18,10/30/2021,26:59.0,follow me on let's hunt for bitcoins together! get an exciting experience on 1 igaming platform with btc staking payouts!.my username: user824500,0,0,recent,0,0.869,0.131,neutral
1.14766E+18,1.45433E+18,10/30/2021,26:59.0,turn their blue ticks into clown faces ser. bitcoin,0,0,recent,0,1,0,neutral
1.27098E+18,1.45433E+18,10/30/2021,27:08.0,read!!! bitcoin is a leading cryptocurrency thats why im referring to you she generated over 400 on my investment with bitcoin or other cryptocurrency she is good at what she does bitcoin,0,0,recent,0,0.9025,0.0975,neutral
1.37268E+18,1.45433E+18,10/30/2021,27:12.0,i have a 3 figure savings account and a 5 figure income and debts of 9 figures. i live in a 82.67 sq ft 1 bedroom basement at my mums and still ride the first bike i was given yrs. bitcoinchanges this .,0,0,recent,0.098,0.902,0,neutral
1.30777E+18,1.45433E+18,10/30/2021,27:17.0,bitcoin is future because in future all 5th generation computer or humanoid are doing work for human in order to get paid they gain crypto.,0,0,recent,0.083,0.714,0.202,neutral
9.73496E+17,1.45433E+18,10/30/2021,27:21.0,"big miners and holders keep accumulating bitcoin: krakens shocktober report mining operators and holders keep accumulating bitcoin, according to the latest kraken intelligence report, titled shocktober. in the ... idelto",0,0,recent,0,0.9355,0.0645,neutral
1420795609,1.45433E+18,10/30/2021,27:31.0,phunware now accepts bitcoin for lyte personalcomputers,0,0,recent,0,0.606,0.394,neutral
1.3759E+18,1.45433E+18,10/30/2021,27:33.0,bitcoin of token safemoon,1,0,recent,0,1,0,neutral
1.43313E+18,1.45433E+18,10/30/2021,27:48.0,our goal is to pay homage to some of the most captivating moments of cryptocurrencies over the past ten years read about the revolutionary journey of bitcoin: from 2009 to 2021 through the eyes of momento on,3,1,recent,0.08,0.92,0,neutral
9.29163E+17,1.45433E+18,10/30/2021,27:48.0,"roman found bitcoin in a user vault at this location! join me playing coinhuntworld, it's awesome!",0,0,recent,0,0.5515,0.4485,neutral
160819656,1.45433E+18,10/30/2021,27:53.0,is proposing buying off all bitcoin for lunatic community,0,0,recent,0.444,0.556,0,neutral
1.41787E+18,1.45433E+18,10/30/2021,27:55.0,"you can join the ranks of the solid goal bitcoin shark, or the custom... has joined ranks, or maybe you're a fan? talk about a winning team! who's it going to be",2,0,recent,0,0.6093,0.3907,neutral
2449956582,1.45433E+18,10/30/2021,27:56.0,"westbeachmusic found bitcoin in a green vault at this location! join me playing coinhuntworld, it's awesome!",0,0,recent,0,0.5515,0.4485,neutral
415332828,1.45433E+18,10/30/2021,27:58.0,bitcoin a weapon of nonviolent resistance for oppressed peoples and states,2,0,recent,0.515,0.485,0,negative
1.39823E+18,1.45433E+18,10/30/2021,27:58.0,"no, only bitcoin is king and doge coin is prince . else shitcoins are scam markets.",0,0,recent,0.276,0.724,0,neutral
1.19354E+18,1.45433E+18,10/30/2021,28:00.0,"bitcoin price update coinbase actual price: 53 329,40 percentage variation: 1,56",0,0,recent,0,1,0,neutral
1.27098E+18,1.45433E+18,10/30/2021,28:01.0,read!!! bitcoin is a leading cryptocurrency thats why im referring to you she generated over 400 on my investment with bitcoin or other cryptocurrency she is good at what she does bitcoin,0,0,recent,0,0.9025,0.0975,neutral
1.41358E+18,1.45433E+18,10/30/2021,28:05.0,"yes, bsv is honest and the original protocol bitcoin",0,0,recent,0,0.265,0.735,positive
1.43803E+18,1.45433E+18,10/30/2021,28:06.0,strike makes money on promos and special deals strike also make money by helping bitcoin,0,0,recent,0.183,0.488,0.329,neutral
50138386,1.45433E+18,10/30/2021,28:07.0,is actually one of my favorite holdings. its one of the only few legitimate l2 solutions for bitcoin let me check out the collection,0,0,recent,0,0.6265,0.3735,neutral
1.38296E+18,1.45433E+18,10/30/2021,28:12.0,here's a terrifying thought: imagine not owning any bitcoin in 2021 chilling,3,1,recent,0.468,0.532,0,neutral
1.27098E+18,1.45433E+18,10/30/2021,28:13.0,read!!! bitcoin is a leading cryptocurrency thats why im referring to you she generated over 400 on my investment with bitcoin or other cryptocurrency she is good at what she does bitcoin,0,0,recent,0,0.9025,0.0975,neutral
1.35952E+18,1.45433E+18,10/30/2021,28:13.0,why buy bitcoin when monero exists?,0,0,recent,0,1,0,neutral
22571521,1.45433E+18,10/30/2021,28:15.0,get on podcast bitcoin,0,0,recent,0,1,0,neutral
748985251,1.45433E+18,10/30/2021,28:16.0,"credit card networks charge small merchants unfairly if gets appr. to accept cards, while they charge large businesses much less than smb's. the bitcoin network is neutral. it does not care your size.",0,0,recent,0,0.6805,0.3195,neutral
19658826,1.45433E+18,10/30/2021,28:16.0,"el salvador recently became the first country in the world to make bitcoin legal tender, but traders have been exploiting software for handling the cryptocurrency to make a quick profit",11,2,recent,0.064,0.734,0.202,neutral
96035122,1.45433E+18,10/30/2021,28:17.0,bitcoin amp; ethereum ready for pump!! meta facebook goes full crypto a travs de,0,0,recent,0,0.8075,0.1925,neutral
1.26883E+18,1.45433E+18,10/30/2021,28:19.0,"excellent advice there is a lot to learn but thankfully there is a huge community of people most of whom are very willing to answer any questions. do your own research. don't trust, verify. bitcoin only.",1,0,recent,0,0.7132,0.2868,neutral
1.27098E+18,1.45433E+18,10/30/2021,28:26.0,read!!! bitcoin is a leading cryptocurrency thats why im referring to you she generated over 400 on my investment with bitcoin or other cryptocurrency she is good at what she does bitcoin,0,0,recent,0,0.9025,0.0975,neutral
150708370,1.45433E+18,10/30/2021,28:26.0,bitcoin and we all own to freelukejr,0,0,recent,0,1,0,neutral
1.43803E+18,1.45433E+18,10/30/2021,28:31.0,by helping bitcoin,0,0,recent,0,0.27,0.73,positive
1434292968,1.45433E+18,10/30/2021,28:38.0,"bitcoinprices are building momentum for an upward breakout above the horizontal resistance around 61k this could take a few days, but a close above this resistance is definitely bullish. following ive been doing extremely superb, her tips has been superb",0,0,recent,0,0.58,0.42,neutral
489911539,1.45433E+18,10/30/2021,28:38.0,bitcoin?,0,0,recent,0,1,0,neutral
1.27098E+18,1.45433E+18,10/30/2021,28:40.0,read!!! bitcoin is a leading cryptocurrency thats why im referring to you she generated over 400 on my investment with bitcoin or other cryptocurrency she is good at what she does bitcoin,0,0,recent,0,0.9025,0.0975,neutral
80887339,1.45433E+18,10/30/2021,28:43.0,"bitcoin epiphany: the only investment vehicle available on the market today that cannot be, will not be and has not been manipulated, so as to be a reflection of true market fundamentals, supply and demand,amp; true value isbitcoin via",1,0,recent,0.061,0.612,0.327,neutral
1.44655E+18,1.45433E+18,10/30/2021,28:46.0,will you accept cryptopayments in future like bitcoin and shiba inu?,0,0,recent,0,0.495,0.505,positive
1.43803E+18,1.45433E+18,10/30/2021,28:48.0,not hardall bitcoin owners have the same incentives,0,0,recent,0,0.545,0.455,neutral
1.44775E+18,1.45433E+18,10/30/2021,28:48.0,"vagabondchw found bitcoin in a user vault at this location! join me playing coinhuntworld, it's awesome!",0,0,recent,0,0.5515,0.4485,neutral
1.27098E+18,1.45433E+18,10/30/2021,28:52.0,read!!! bitcoin is a leading cryptocurrency thats why im referring to you she generated over 400 on my investment with bitcoin or other cryptocurrency she is good at what she does bitcoin,0,0,recent,0,0.9025,0.0975,neutral
1.45072E+18,1.45433E+18,10/30/2021,28:59.0,i received cash on divorce and my husband kept his cryptocurrency. at the time he had more than 50 bitcoin and they had a value of about 3k each. his bitcoin would now be worth more than 2.25m. my cash is mostly all spent.,0,0,recent,0,0.8093,0.1908,neutral
82979437,1.45433E+18,10/30/2021,29:00.0,what if jack dorsey is the founder of bitcoin?,0,0,recent,0,1,0,neutral
9.22745E+17,1.45433E+18,10/30/2021,29:00.0,please give me 32yyexcaqrxbkmvsdp9ymib64wjfb8gube bitcoin,0,0,recent,0,0.566,0.434,neutral
1.44399E+18,1.45433E+18,10/30/2021,29:01.0,current bitcoin price is 61638,0,0,recent,0,1,0,neutral
306442349,1.45433E+18,10/30/2021,29:04.0,datx/ btc datx / usdt guaranteed x8000 it's time to buy a bag from kucoin buy and hold your bag to fly with it mina ocean ltc ach iost xvg ont trx ath ksm fil maid atom doge cfx icp shib one xmr algo matic bnb luna ltc bitcoin woo farm mana,0,0,recent,0,0.887,0.113,neutral
1.01226E+18,1.45433E+18,10/30/2021,29:07.0,follow me on let's hunt for bitcoins together! get an exciting experience on 1 igaming platform with btc staking payouts!.my username: user297311,2,0,recent,0,0.869,0.131,neutral
1.27098E+18,1.45433E+18,10/30/2021,29:09.0,read!!! bitcoin is a leading cryptocurrency thats why im referring to you she generated over 400 on my investment with bitcoin or other cryptocurrency she is good at what she does bitcoin,1,0,recent,0,0.9025,0.0975,neutral
1.27098E+18,1.45433E+18,10/30/2021,29:23.0,read!!! bitcoin is a leading cryptocurrency thats why im referring to you she generated over 400 on my investment with bitcoin or other cryptocurrency she is good at what she does bitcoin,0,0,recent,0,0.9025,0.0975,neutral
1729492500,1.45433E+18,10/30/2021,29:31.0,if people are losing money and need to cover losses they sell everything that is profitable. a liquidity crisis impacts all sectors. bitcoin tends to bounce hard though.,1,0,recent,0.3987,0.532,0.0697,neutral
3029020913,1.45433E+18,10/30/2021,29:31.0,"bitcoin recipe came together like a monte cristo sandwich. the ingredients already existed, but no one was clever enough to put them together the right way and solve a multiple decade conundrum.",0,0,recent,0,0.7255,0.2745,neutral
1.21853E+18,1.45433E+18,10/30/2021,29:38.0,how to transfer bitcoin to paypal via,0,0,recent,0,1,0,neutral
1.44876E+18,1.45433E+18,10/30/2021,29:42.0,"a new block was found on the bitcoin network. we're at block height 707383, current bitcoin price is 61649.69 and there are 214132497690011 sats left to mine.",0,1,recent,0.3665,0.6335,0,neutral
1.3084E+18,1.45433E+18,10/30/2021,29:42.0,coovycoin please buy our crypto coming out when i get my 3 ethereum bitcoin,0,0,recent,0,0.753,0.247,neutral
1.44711E+18,1.45433E+18,10/30/2021,29:42.0,"dont bother with bitcoin. im already up 10x with memecoins, just get them and hold",0,0,recent,0,0.748,0.252,neutral
1.19764E+18,1.45433E+18,10/30/2021,29:45.0,"btc latest block info: block 707383 holds 2,425 transactions for a total of 52,581.06641 bitcoin including block reward. block size 1,506,732 bytes",0,0,recent,0.432,0.489,0.079,neutral
1.27098E+18,1.45433E+18,10/30/2021,29:49.0,read!!! bitcoin is a leading cryptocurrency thats why im referring to you she generated over 400 on my investment with bitcoin or other cryptocurrency she is good at what she does bitcoin,0,0,recent,0,0.9025,0.0975,neutral
73884690,1.45433E+18,10/30/2021,29:50.0,"doctor's make money.. prescribe meds amp; in doubt, they tell, go for rtpcr tests .. rn, their market along with diagnostic centre market is thriving .. more than bitcoin.. crypto or share market",0,0,recent,0.101,0.81,0.089,neutral
2904169163,1.45433E+18,10/30/2021,29:51.0,"c.r.e.a.m., get the cryptocoin bitcoin bitcoin token, y'all",0,0,recent,0,1,0,neutral
1.42942E+18,1.45433E+18,10/30/2021,29:54.0,guess the amount to be used as gas? bitcoin all way up,0,0,recent,0,1,0,neutral
1.24821E+18,1.45433E+18,10/30/2021,29:56.0,"what did you think of the ama? i was pretty happy with it. hoping that the longer consolidation on bitcoin plays out to help maximise the time for the good stuff to come to fruition for stak. next ido 25th, monthly burn, cex listing x 2 hedera q1 and quick polygon fix",0,0,recent,0,0.639,0.361,neutral
1.34974E+18,1.45433E+18,10/30/2021,29:59.0,bbg shah quote bitcoin bro 30 wml,0,0,recent,0,1,0,neutral
1.36259E+18,1.45433E+18,10/30/2021,30:00.0,cryptocurrencies current prices: bitcoin 61660.2 53348.43 ethereum 4365.03 3776.45 cardano 1.9942 1.7256,0,0,recent,0,1,0,neutral
1.27098E+18,1.45433E+18,10/30/2021,30:01.0,read!!! bitcoin is a leading cryptocurrency thats why im referring to you she generated over 400 on my investment with bitcoin or other cryptocurrency she is good at what she does bitcoin,0,0,recent,0,0.9025,0.0975,neutral
1.43974E+18,1.45433E+18,10/30/2021,30:02.0,"30 usd on got you 63,900 sat. now 63,900 sat are 39.40 usd 31.32 1 btc 61,640.00 usd 1 usd 1,622 sat on sat 30 oct 2021 01:30 am cdt 1 btc 46,948.36 usd 1 usd 2,130 sat on tue 07 sep 2021 11:00 am cdt bitcoin",0,0,recent,0,1,0,neutral
1.13919E+18,1.45433E+18,10/30/2021,30:03.0,"[] bitcoin daily btc [] kraken a:61,640 l:61,319 h:62,359 bitstamp a:61,670 l:60,375 h:62,972 bitfinex a:61,650 l:60,376 h:62,980 market cap: 1,162,540,805,293 24h volume: 14,011,809,737 24h: 1.78 7d: 1.77",0,0,recent,0,1,0,neutral
1.28829E+18,1.45433E+18,10/30/2021,30:05.0,"bitcoin price in us dollar btc usd btcusd xbt xbtusd btc price now : 61,614.85 usd avg last hour : 61,572.74 avg 24 hours : 61,710.25 24h change : 0.81 24h low : 60,447.26 24h high : 62,884.98 more information here",0,0,recent,0.068,0.932,0,neutral
1446066270,1.45433E+18,10/30/2021,30:09.0,think i bought bitcoin around 12k if memory serves,0,0,recent,0,1,0,neutral
1.45214E+18,1.45433E+18,10/30/2021,30:13.0,erm.. baby bitcoin folks. bbtc,0,0,recent,0,1,0,neutral
9.19835E+17,1.45433E+18,10/30/2021,30:17.0,bitcoin is the future!,0,0,recent,0,1,0,neutral
1.41841E+18,1.45433E+18,10/30/2021,30:17.0,woj on the moon. for more information click here cryptocurrencybitcoinwoj.financewojtokencryptoblockchainbtcmoney,0,0,recent,0,1,0,neutral
1.08669E+18,1.45433E+18,10/30/2021,30:18.0,my late night bitcoin epiphany bitcoin,0,0,recent,0,1,0,neutral
1.08669E+18,1.45433E+18,10/30/2021,30:20.0,people who use bitcoin can use stimulus checks to cash out up to 11000. do you qualify? bitcoin,0,0,recent,0,1,0,neutral
1.08669E+18,1.45433E+18,10/30/2021,30:21.0,new bitcoin etf grows at record speed. heres what investors should know bitcoin,0,0,recent,0,1,0,neutral
1.16312E+18,1.45433E+18,10/30/2021,30:26.0,"tech50: is a peertopeer cryptocurrency or digital currency designed for the online community. the network aims to process a block every minute, as compared to bitcoins 10 minutes yourstory techsparks",0,0,recent,0.1045,0.8955,0,neutral
1.24846E+18,1.45433E+18,10/30/2021,30:28.0,send bitcoin its hot. findom finsub,0,0,recent,0,1,0,neutral
1.37162E+18,1.45433E+18,10/30/2021,30:29.0,"price of bitcoin: u 61,629.65 u 53,240.43 r 351,307.42 24h change: 0.84 week change: 1.09 month change: 41.30 bitcoin",0,0,recent,0,1,0,neutral
7.81825E+17,1.45433E+18,10/30/2021,30:34.0,you need high iq to understand bitcoin. to understand gold you need only average or low iq.,0,0,recent,0.148,0.852,0,neutral
1.22987E+18,1.45433E+18,10/30/2021,30:39.0,"mobile coffee lady i stop at on saturdays: muun wallet downloaded 10 in btc via lightning instant amp; basically free transaction future 10/week bitcoin savings plan at least, from me",0,0,recent,0.083,0.792,0.125,neutral
1.29793E+18,1.45433E+18,10/30/2021,30:44.0,crypto prices usd/ bitcoin 61624.0783 ethereum 4363.4032 binance 530.9648 cardano 1.9943 tether 1.0002 litecoin 192.6496 doge 0.2753,0,0,recent,0,1,0,neutral
1.43664E+18,1.45433E+18,10/30/2021,30:46.0,"it's true to share it that. the network aims to process a block every minute, as compared to bitcoins 10 minutes amp; litecoin's 2.5 minutes. yourstory techsparks",0,0,recent,0.0607,0.606,0.3333,neutral
8.80959E+17,1.45433E+18,10/30/2021,30:52.0,"the best way to hodl strong is to have enough dollars to allow you to hodl. so you don't have to spend your bitcoin esp in a bad market because you run out of dollars to pay for rent, emergencies, etc.",0,0,recent,0.2275,0.446,0.3265,neutral
16901481,1.45433E+18,10/30/2021,30:52.0,"maybe bitcoin itself is worth it, just because it's not of that lineage.",0,0,recent,0,0.612,0.388,neutral
1.44391E+18,1.45433E+18,10/30/2021,30:56.0,trading bitcoin with mrs and making my weekly withdraw was a very light process i was really afraid to start at first but now i have all needed guarantee to say is a true live rescuer thanks for responding to my trade text with a godly heart.,0,0,recent,0,0.732,0.268,neutral
93874045,1.45433E+18,10/30/2021,30:57.0,"hi! i use coindcx app to invest in bitcoin. use my invite link to download the app amp; get 100 free ethereum when you make your first investment 4 million indians use coindcx for their cryptocurrency investments. it's safe, secure and bitgo insured.",0,0,recent,0,0.7625,0.2375,neutral
3372747014,1.45433E+18,10/30/2021,30:58.0,"tech50: is a peertopeer cryptocurrency or digital currency designed fr the online community. the network aims to process a block evry min, as compard to bitcoins 10 min amp;litecoin's 2.5 min yourstory techsparks",0,0,recent,0.081,0.919,0,neutral
1.22454E+18,1.45434E+18,10/30/2021,31:02.0,"genuine bitcoin giveaway ongoing with mark cuban, see how it works",0,0,recent,0,1,0,neutral
1.4333E+18,1.45434E+18,10/30/2021,31:03.0,"want to tell you that tech50: is a peertopeer cryptocurrency or digital currency designed for the online community. minute, as compared to bitcoins 10 minutes amp; litecoin's 2.5 minutes. yourstory techsparks",0,0,recent,0,0.958,0.042,neutral
1.44391E+18,1.45434E+18,10/30/2021,31:05.0,trading bitcoin with mrs and making my weekly withdraw was a very light process i was really afraid to start at first but now i have all needed guarantee to say is a true live rescuer thanks for responding to my trade text with a godly heart.,0,0,recent,0,0.732,0.268,neutral
44522530,1.45434E+18,10/30/2021,31:05.0,"how bout we just offer all illegal immigrants 450k as soon as they illegally cross over the border we can just keep printing trillions more!!! instead of 3.5trillion lets go for 10trillion! btw, just a little secret between me and u, but bitcoin now as much as u can",0,0,recent,0.0823,0.9177,0,neutral
735771636,1.45434E+18,10/30/2021,31:06.0,new gold after bitcoin,1,0,recent,0,1,0,neutral
436399168,1.45434E+18,10/30/2021,31:07.0,"honestly i think of bitcoin more like a religion nowadays. and ethereum is web3. i definitely am making a judgment call, yes.",0,0,recent,0,0.5927,0.4073,neutral
1.34974E+18,1.45434E+18,10/30/2021,31:08.0,stakemoon crypto rckt bitcoin bro 30,0,0,recent,0,1,0,neutral
3509078064,1.45434E+18,10/30/2021,31:08.0,thoughts on btc bitcoin! see zodoghouse's idea on tradingview below. trade it here:,0,0,recent,0,1,0,neutral
1.42831E+18,1.45434E+18,10/30/2021,31:09.0,crypto prices usd/ bitcoin 61624.0783 ethereum 4363.4032 binance 530.9648 cardano 1.9943 doge 0.2754 tether 1.0001 chainlink 30.3471,0,0,recent,0,1,0,neutral
1.27098E+18,1.45434E+18,10/30/2021,31:10.0,read!!! bitcoin is a leading cryptocurrency thats why im referring to you she generated over 400 on my investment with bitcoin or other cryptocurrency she is good at what she does bitcoin,0,0,recent,0,0.9025,0.0975,neutral
1.39746E+18,1.45434E+18,10/30/2021,31:10.0,10.83333333333333 degrees fix bitcoin,0,0,recent,0,1,0,neutral
1.43128E+18,1.45434E+18,10/30/2021,31:13.0,ccxt: a javascript / python / php cryptocurrency trading api with support for more than 100 bitcoin/altcoin exchanges lang: javascript 21675 crypto,0,0,recent,0,0.838,0.162,neutral
1.45219E+18,1.45434E+18,10/30/2021,31:14.0,bitcoin fixes this!,0,0,recent,0,1,0,neutral
748985251,1.45434E+18,10/30/2021,31:16.0,"bitcoin eradicates this economic tyranny, an existential freedom threat against an individuals' right to prosper and fulfill human potential. thus it empowers individuals in a way that free markets can unleash more of their potential. this lack of equality in opportunity",0,0,recent,0.181,0.444,0.375,neutral
1.4349E+18,1.45434E+18,10/30/2021,31:20.0,free bitcoin,0,0,recent,0,0.233,0.767,positive
1.35315E+18,1.45434E+18,10/30/2021,31:22.0,"steve hanke's criticism of bitcoin is but thinly veiled american imperialism, where third world countries are directly dominated by a hegemon.",0,0,recent,0.268,0.732,0,neutral
1.05876E+18,1.45434E+18,10/30/2021,31:23.0,crypto prices usd/ bitcoin 61642.6661 bitcoincash 592.9303 polygon 1.9525 filecoin 59.0918 stellar 0.3644 cosmos 38.3002 tron 0.102,0,0,recent,0,1,0,neutral
4693571508,1.45434E+18,10/30/2021,31:24.0,what is bitcoin mining,0,0,recent,0,1,0,neutral
1.44391E+18,1.45434E+18,10/30/2021,31:25.0,trading bitcoin with mrs and making my weekly withdraw was a very light process i was really afraid to start at first but now i have all needed guarantee to say is a true live rescuer thanks for responding to my trade text with a godly heart.,0,0,recent,0,0.732,0.268,neutral
1.44391E+18,1.45434E+18,10/30/2021,31:33.0,trading bitcoin with mrs and making my weekly withdraw was a very light process i was really afraid to start at first but now i have all needed guarantee to say is a true live rescuer thanks for responding to my trade text with a godly heart.,0,0,recent,0,0.732,0.268,neutral
1.26171E+18,1.45434E+18,10/30/2021,31:36.0,crypto prices usd/ bitcoin 61642.6661 axieinfinity 145.1312 vechain 0.1356 ethereumclassic 49.6595 internetcomputer 44.1338 eos 4.4633,0,0,recent,0,1,0,neutral
1.4471E+18,1.45434E+18,10/30/2021,31:38.0,volume of d on reaches record high bitcoin news crypto news,0,0,recent,0,0.864,0.136,neutral
1.42108E+18,1.45434E+18,10/30/2021,31:39.0,identity thieves exploit el salvadors chivo bitcoin wallets setup process,0,0,recent,0.375,0.625,0,neutral
1.32622E+18,1.45434E+18,10/30/2021,31:39.0,"fuck boys bitcoin is to the moon right now, its changed my life so much no cop yall need to invest in it!!!!",0,0,recent,0.241,0.759,0,neutral
1.44391E+18,1.45434E+18,10/30/2021,31:41.0,trading bitcoin with mrs and making my weekly withdraw was a very light process i was really afraid to start at first but now i have all needed guarantee to say is a true live rescuer thanks for responding to my trade text with a godly heart.,0,0,recent,0,0.732,0.268,neutral
1.44391E+18,1.45434E+18,10/30/2021,31:48.0,trading bitcoin with mrs and making my weekly withdraw was a very light process i was really afraid to start at first but now i have all needed guarantee to say is a true live rescuer thanks for responding to my trade text with a godly heart.,0,0,recent,0,0.732,0.268,neutral
1.2702E+18,1.45434E+18,10/30/2021,31:53.0,"el salvador has been a hotbed of bitcoin speculation ever since the cryptocurrency became legal tender there last month. now, tweaks to the governments chivo digital wallet threaten to erase day traders easy profits via",0,0,recent,0.0745,0.703,0.222,neutral
72741882,1.45434E+18,10/30/2021,31:54.0,dulce o bitcoin,0,0,recent,0,1,0,neutral
1.44391E+18,1.45434E+18,10/30/2021,31:57.0,trading bitcoin with mrs and making my weekly withdraw was a very light process i was really afraid to start at first but now i have all needed guarantee to say is a true live rescuer thanks for responding to my trade text with a godly heart.,0,0,recent,0,0.732,0.268,neutral
221519905,1.45434E+18,10/30/2021,31:57.0,"people like this, who tell you that ""doing bitcoin"" means ""doing nothing,"" are the worst enemies of actual bitcoiners.",0,0,recent,0,0.461,0.539,positive
1.11724E+18,1.45434E+18,10/30/2021,31:58.0,theres plenty of info on the web pal. dont fomo in. if there is a crash bitcoin will crash as well.,0,0,recent,0.2117,0.706,0.0823,neutral
3191025717,1.45434E+18,10/30/2021,32:01.0,bitcoin supply shock pushes price higher as investors refuse to sell in anticipation of new record highs crypto forums propose no sell november and urge others to hodl,0,1,recent,0.198,0.744,0.058,neutral
1.4349E+18,1.45434E+18,10/30/2021,32:02.0,free bitcoin,0,0,recent,0,0.233,0.767,positive
1.44391E+18,1.45434E+18,10/30/2021,32:03.0,trading bitcoin with mrs and making my weekly withdraw was a very light process i was really afraid to start at first but now i have all needed guarantee to say is a true live rescuer thanks for responding to my trade text with a godly heart.,0,0,recent,0,0.732,0.268,neutral
16451852,1.45434E+18,10/30/2021,32:11.0,token burning: the new deflationary mechanic of choice to pump price action. what did bitcoin burn?,0,1,recent,0,1,0,neutral
1.44391E+18,1.45434E+18,10/30/2021,32:12.0,trading bitcoin with mrs and making my weekly withdraw was a very light process i was really afraid to start at first but now i have all needed guarantee to say is a true live rescuer thanks for responding to my trade text with a godly heart.,0,0,recent,0,0.732,0.268,neutral
7.33396E+17,1.45434E+18,10/30/2021,32:12.0,the metaverse is just going to be a bunch of bitcoin boys trying to convince us that spending 9000 on an digital sofa for their digital home is actually a good investment,0,0,recent,0,0.741,0.259,neutral
4732569332,1.45434E+18,10/30/2021,32:18.0,shouldve bought bitcoin when sd,0,0,recent,0,1,0,neutral
8.33571E+17,1.45434E+18,10/30/2021,32:19.0,"a wise man said ""biometrics are usernames not passwords"" on podcast with bitcoin",0,0,recent,0,0.693,0.307,neutral
9.44645E+17,1.45434E+18,10/30/2021,32:20.0,not sure which assumptions you refer to. validity proofs are the most effective way to scale compared to some l1 system. in fact you are right about one thing that bitcoin security is optimal. validity proofs require evm however so bitcoin security evm zkrollups is ideal,0,0,recent,0,0.5607,0.4393,neutral
85821611,1.45434E+18,10/30/2021,32:23.0,"bizarre reporting on bitcoin in el salvador, new scientist. please do better.",0,0,recent,0.1385,0.3615,0.5,positive
8.70266E+17,1.45434E+18,10/30/2021,32:23.0,bitcoin fixes this,0,0,recent,0,1,0,neutral
1434292968,1.45434E+18,10/30/2021,32:24.0,"bitcoinprices are building momentum for an upward breakout above the horizontal resistance around 61k this could take a few days, but a close above this resistance is definitely bullish. following ive been doing extremely superb, her tips has been superb",0,0,recent,0,0.58,0.42,neutral
1.27098E+18,1.45434E+18,10/30/2021,32:26.0,read!!! bitcoin is a leading cryptocurrency thats why im referring to you she generated over 400 on my investment with bitcoin or other cryptocurrency she is good at what she does,0,0,recent,0,0.8955,0.1045,neutral
130813962,1.45434E+18,10/30/2021,32:33.0,right now it looks like we might have hit a wall but not 100 sure. might break a zero and if we get robimhood maybe two zeros. there are a lot of factors but to hit .01 without a ton more burn we would pass bitcoin in market cap,0,0,recent,0,0.852,0.148,neutral
1.41219E+18,1.45434E+18,10/30/2021,32:34.0,bitcoin changed my life,0,0,recent,0,1,0,neutral
1.24616E+18,1.45434E+18,10/30/2021,32:35.0,agree... admittably a horrifying imagination but not impossible. slowly but surely they implemented jab mandates. people lost their jobs already. i do agree with you. bitcoin is my hope though. i have to have hope,0,0,recent,0.146,0.3067,0.5473,positive
1.27098E+18,1.45434E+18,10/30/2021,32:36.0,read!!! bitcoin is a leading cryptocurrency thats why im referring to you she generated over 400 on my investment with bitcoin or other cryptocurrency she is good at what she does,0,0,recent,0,0.8955,0.1045,neutral
1.4349E+18,1.45434E+18,10/30/2021,32:37.0,free bitcoin hit the link and drop your address,0,0,recent,0.223,0.426,0.351,neutral
1.44391E+18,1.45434E+18,10/30/2021,32:37.0,trading bitcoin with mrs and making my weekly withdraw was a very light process i was really afraid to start at first but now i have all needed guarantee to say is a true live rescuer thanks for responding to my trade text with a godly heart.,0,0,recent,0,0.732,0.268,neutral
1.33732E+18,1.45434E+18,10/30/2021,32:38.0,"nine days ago, bitcoin reached a new alltime high ath and now the second leading crypto asset ethereum has tapped an ath on friday morning. ethereum reached a high of 4,416 per unit and has since retreated around 2 down from that price position.",0,0,recent,0,0.786,0.214,neutral
1.35513E+18,1.45434E+18,10/30/2021,32:39.0,"bitcoin processes 7 tps, uses a lot of resources electricity and manufactured components and it's unclear of the future viability of mining due to price fluctuation. bitcoin is far from perfect, no software is. btc also relies on lightning which has drawbacks and low bandwidth.",0,0,recent,0.1257,0.6903,0.184,neutral
1.33732E+18,1.45434E+18,10/30/2021,32:41.0,the nba team dallas mavericks has partnered with crypto platform voyager and is offering its fans a 100 bonus in bitcoin to sign up and trade crypto on the partnered platform. were going to come upwith new ways to introduce mavs fans to,0,0,recent,0,0.7435,0.2565,neutral
1.44391E+18,1.45434E+18,10/30/2021,32:47.0,trading bitcoin with mrs and making my weekly withdraw was a very light process i was really afraid to start at first but now i have all needed guarantee to say is a true live rescuer thanks for responding to my trade text with a godly heart.,0,0,recent,0,0.732,0.268,neutral
1.41368E+18,1.45434E+18,10/30/2021,32:49.0,"what if you missed bitcoin? buy milliontoken, currently trending on uniswap and polygon!",0,0,recent,0.3075,0.6925,0,neutral
1.3341E+18,1.45434E+18,10/30/2021,32:52.0,lets compare them base on the hashrates to get money from central banks and bitcoin or the difficulties between btc and centralbanks,0,0,recent,0.179,0.821,0,neutral
1.27098E+18,1.45434E+18,10/30/2021,32:53.0,read!!! bitcoin is a leading cryptocurrency thats why im referring to you she generated over 400 on my investment with bitcoin or other cryptocurrency she is good at what she does,0,0,recent,0,0.8955,0.1045,neutral
1.33732E+18,1.45434E+18,10/30/2021,32:54.0,microstrategy has been bullish from the start evidenced by its bitcoin purchases. the firm owns over 110 bitcoins and has deepened its crypto bet at various times during the past year. the tech firm has continuously raised money at various points to,0,0,recent,0,1,0,neutral
